cim,szerzo,ev,kategoria,aktiv
A kőszívű ember fiai,Jókai Mór,1869,Regény,0
Egri csillagok,Gárdonyi Géza,1899,Történelmi,0
Pál utcai fiúk,Molnár Ferenc,1907,Ifjúsági,1
Az arany ember,Jókai Mór,1872,Regény,0
A kis herceg,Antoine de Saint-Exupéry,1943,Mese,1
Száz év magány,Gabriel García Márquez,1967,Regény,1
1984,George Orwell,1949,Disztópia,0
Büszkeség és balítélet,Jane Austen,1813,Romantikus,1
A Gyűrűk Ura,J.R.R. Tolkien,1954,Fantasy,1
Harry Potter és a bölcsek köve,J.K. Rowling,1997,Fantasy,1
aaa aa aaaaa,sssss ssssss,1234,rrrrrr,1
qqqqq qqqqq,wwww wwww,1221,ttttt,1
